v_band4,v_band5,v_band2,v_band1,h_band1,h_p2p,h_band2,v_peak,h_band3,v_bpfo_h1,v_bpfo_sum,h_bpfo_h1,bearing,t,rul,rul_capped,split
-0.4494470071551224,-0.5090589899482131,-1.3277192560638784,-1.0036514032426602,-0.7343395456505987,75.98226070404053,-0.839496490618494,15.932000337329832,-0.8098244091585705,0.06799795427820686,0.11849224294545248,0.1260869911275702,1_2,126,35,35,test
-0.633964145026126,-0.7431663650990793,-1.3565977664256985,-1.0561688389505182,-0.7829276189867417,34.77586507797241,-0.9684556915867131,18.500611372232665,-0.9832853841284269,0.052422441871500636,0.09159178947968988,0.06124977159674324,1_2,127,34,34,test
-0.6368597638822742,-0.7363132942380947,-1.310574751723546,-1.0314426271443695,-0.784994871318079,43.93988847732544,-0.9181136892084676,16.781458289881222,-0.9609110291586481,0.06524297039997659,0.09741384277814828,0.06560246298769122,1_2,129,32,32,test
-0.5722724118014553,-0.6543448866089321,-1.254696043693555,-0.9682772966424993,-0.7239623581155669,44.698548316955566,-0.8225862887781064,17.308627875913945,-0.9064749573245937,0.08721862842822362,0.14336157545821893,0.09856200506566941,1_2,130,31,31,test
-0.5830204864767136,-0.6303378385496904,-1.1966855384992783,-0.9586710057771267,-0.717730440479391,44.03342008590698,-0.797290212134132,16.641179736012663,-0.9323902555325007,0.06273373571433477,0.10742261546418343,0.08171112629482175,1_2,131,30,30,test
-0.47528808882644275,-0.5877673305340545,-1.1773272246610955,-0.9682651444237523,-0.8287900709365437,40.82293510437012,-0.7890499910660057,20.40184964752428,-0.9075679015005426,0.08045462602016058,0.13977625328444745,0.07919256971235306,1_2,132,29,29,test
-0.44351310400604493,-0.5761921584274295,-1.209357419039894,-0.9455116747788885,-0.7897481373413568,42.272186279296875,-0.7919546833950362,23.575318842039046,-0.886748733171286,0.08126877494246965,0.12234119857842912,0.08623173282958722,1_2,133,28,28,test
-0.45206543400672833,-0.5733751091483243,-1.279619989469934,-0.935183449819808,-0.7664906291839442,49.66421127319336,-0.793280590235802,23.00065228336869,-0.8866222929373955,0.06916889149703481,0.11076286013763136,0.08676798771338144,1_2,135,26,26,test
-0.4860733808774079,-0.6535910365624109,-1.2493023775709615,-0.9530111633649588,-0.7787296319085013,42.00253486633301,-0.8171353245031285,23.489106887083807,-0.9136135339583293,0.05863088597688673,0.09907382421102377,0.08136772445407572,1_2,136,25,25,test
-0.4678659370603159,-0.5772340716604666,-1.240114230455587,-0.9391255923745574,-0.6957744854259742,44.588565826416016,-0.8290819065276047,20.729633513010302,-0.8751354700643763,0.07448263173392454,0.10439211236154526,0.09511158999076888,1_2,137,24,24,test
-0.5313518878706593,-0.6116472003506126,-1.2413647523530196,-0.9202934397038197,-0.6778019415464116,43.846940994262695,-0.8654900267229044,22.186882993759063,-0.891951947144713,0.06013535491330258,0.09328547982994373,0.06884671386298379,1_2,138,23,23,test
-0.4996621492141645,-0.5412554234026239,-1.2744517708731506,-0.9241438387244196,-0.6638634340114028,43.085551261901855,-0.8644951088197366,19.94045963589759,-0.8521803379683823,0.07438514098781047,0.11001364967090299,0.11030993049732261,1_2,139,22,22,test
-0.4838467995325738,-0.5116696097975378,-1.271738304352367,-0.928885020482349,-0.6644904274374099,48.616135120391846,-0.824801894063296,20.931974679636788,-0.8327859958638214,0.06937044825498377,0.09639966042520845,0.08560510191677531,1_2,140,21,21,test
-0.5153021835058613,-0.6087132164064968,-1.2553072546331914,-0.9535123913801562,-0.7283507757735213,45.852839946746826,-0.7861820452743373,19.310650203233333,-0.8783505448719511,0.0478457235095187,0.0800107428297597,0.0795264743551728,1_2,141,20,20,test
-0.5015880711773748,-0.5946447369736809,-1.233406290251936,-0.9398670747063061,-0.7433691853793744,38.5872483253479,-0.7818884742857637,17.654230897282883,-0.8616041532899835,0.03941300828825641,0.06631452765247686,0.06649541917364536,1_2,142,19,19,test
-0.49523340157554374,-0.6754397233742103,-1.1776131665658958,-0.9347849965713673,-0.7020513678696543,47.11030721664429,-0.74874694617929,19.217344059488006,-0.8488406269304243,0.043309233961781386,0.06953600575002604,0.07163635353476398,1_2,145,16,16,test
-0.4592161405238695,-0.6515002578503312,-1.1285184648744169,-0.8484335006192635,-0.6379414910077498,38.50657939910889,-0.615935301824365,21.496460569329933,-0.8096371560359263,0.01447762058692404,0.04384467428759317,0.08344385932005968,1_2,147,14,14,test
-0.4875063513088917,-0.6665895242519257,-1.1224024551892846,-0.8150933047110118,-0.6474478345471757,41.89578294754028,-0.5597453501032899,22.238241649463525,-0.839725682190608,0.024626273109897432,0.053678009864939966,0.08385363407979707,1_2,148,13,13,test
-0.4398217715768599,-0.6648206328722895,-1.1044468274557053,-0.759059959225916,-0.6778308398417308,50.7062554359436,-0.44782272985237714,20.50525360427986,-0.7822490792658557,0.027773850418377908,0.055747811387648234,0.10660866448897877,1_2,149,12,12,test
-0.40577340452844163,-0.5721572212620932,-1.13094686713629,-0.7848490569135743,-0.6616355727755333,43.63361597061157,-0.6068108402929723,22.463047168456402,-0.7645637166775885,0.020439057035499045,0.04329084067160158,0.06870730674097028,1_2,150,11,11,test
-0.3863554696045764,-0.5382494336887916,-1.1263761592031551,-0.7801695508553835,-0.6937623032176763,49.23528432846069,-0.6384707956892652,20.83029167001932,-0.7722790485202398,0.031471973448737124,0.058269613233219116,0.08145228654379173,1_2,151,10,10,test
-0.3897125601046787,-0.5336495475352687,-1.0891382184181408,-0.741112992122843,-0.6906248516057416,49.27546977996826,-0.6971486089341238,22.1644205306153,-0.7317668040921046,0.036739275950572074,0.05491052256786254,0.09905113439832611,1_2,152,9,9,test
-0.3756896381450958,-0.5220866358680287,-1.0993070425129812,-0.7597626345148862,-0.6850993045067104,44.01928186416626,-0.702550099197544,21.110519107927708,-0.7206938242147388,0.04888842007958599,0.08716019566305716,0.09493593076130642,1_2,153,8,8,test
-0.36621591532648623,-0.49737525926042186,-1.0618390083283975,-0.7423693793223549,-0.6827621303721516,43.16638708114624,-0.6735386757603534,22.252848117640216,-0.7410144402911321,0.030559084443100338,0.06468762054664966,0.07459540795367037,1_2,154,7,7,test
-0.34747176951904046,-0.4805203785673945,-1.0665150618500514,-0.7728223928326605,-0.6971918566157211,42.80668497085571,-0.6930185004089232,24.1863398223097,-0.7167543783122545,0.0498996626021816,0.08527776119551035,0.08376983345789936,1_2,155,6,6,test
-0.355632366756821,-0.446485004283799,-1.047439865784103,-0.7794341713135186,-0.6469254634824079,49.73856210708618,-0.7273128254877526,30.65135402480632,-0.7092629536520028,0.04566410811320929,0.09389168319229761,0.07671147230240978,1_2,156,5,5,test
-0.3818986020262364,-0.4937967876494993,-1.0346758894066792,-0.7699317175916788,-0.615839276121039,45.84022760391235,-0.7339904373698592,23.476538286148763,-0.7413605226774606,0.01655247485232668,0.0503137903636666,0.062420794919238666,1_2,157,4,4,test
-0.35546221607852,-0.4639483192198165,-1.0444116192485415,-0.7525484713722109,-0.6205543089121285,53.493988513946526,-0.7379136837278273,24.996301162241032,-0.7012206755860015,0.03360252168039241,0.07082702491971508,0.0707131249167306,1_2,158,3,3,test
-0.35796489771495926,-0.42610901959916886,-1.036543633708745,-0.715471077669944,-0.5760322203118848,53.166961669921875,-0.6912033664123809,28.31493005915554,-0.7118268460064673,0.05587496494265542,0.10120498124904528,0.09228618312615444,1_2,159,2,2,test
-0.34557308343844145,-0.3615907434254832,-0.8933301770192671,-0.5444600886854318,-0.28939984617319126,66.39328002929688,-0.30521091494114616,37.63709040104363,-0.7452459947665846,0.0412893201919094,0.09813045733229939,0.029549926805776554,1_2,161,0,0,test
-1.490900934089102,-1.3102521845694548,-2.1076891360945114,-2.1382986148942815,-1.6494106659101528,19.898366928100586,-1.3957125678824773,5.464142629255843,-1.221036472458708,0.022191823953914912,0.029965157668094888,0.03772796653750196,1_1,76,47,47,train
-1.5607352891963924,-1.3665317275384175,-1.9950615506522982,-2.156161462737927,-1.6324882694675034,17.777109146118164,-1.3704952657694185,5.127893258446935,-1.2476868864951398,0.01651125677105589,0.02470066981875703,0.03606772294759114,1_1,77,46,46,train
-1.3850624363247848,-1.1485177052154634,-1.7806801588239651,-1.9864594653088932,-1.277605427292673,22.824406623840332,-0.9965905367714559,8.834839525613292,-0.9465394300071107,0.06489039443725778,0.11184496701688423,0.11322855905948052,1_1,79,44,44,train
-1.3140300501177,-1.102607321595777,-1.8435687027390424,-1.9618031533887232,-1.2100508875777574,26.509869098663327,-1.0713233874988684,7.431103133553508,-0.9315806084410325,0.06325910696102352,0.10775815073363326,0.11094762057832952,1_1,80,43,43,train
-1.2683798046170323,-1.033184517960224,-1.7723514864131051,-1.8894220108082054,-1.1514499055821716,34.5711350440979,-0.9298255936434424,9.352849823715566,-0.9336558270126859,0.056452187606135726,0.10143033511995439,0.10212380100479655,1_1,84,39,39,train
-1.240664640161916,-1.0204716141715842,-1.7408750012597767,-1.8321629909469257,-1.0934492689273998,34.27777290344238,-0.9078294926697817,9.218180515004219,-0.9671284738760116,0.05139649707655061,0.089846362000201,0.10923083464451105,1_1,87,36,36,train
-1.2640081107182841,-0.9942776804361906,-1.7243207708902628,-1.8160124246632734,-1.0643168942864283,29.69198226928711,-0.9042181202968247,7.8559159736828095,-0.9657811832560181,0.04457202565491969,0.07562535747252912,0.0867916365290234,1_1,88,35,35,train
-1.191029734097039,-0.9635484311224327,-1.7683210962148812,-1.7619297588199494,-1.0891886477901807,34.50738191604614,-0.9057120055180933,9.405625386106157,-0.9861471819382602,0.05160844836066588,0.07995197242308072,0.10046291691602148,1_1,90,33,33,train
-1.2143577467054207,-0.9511349984640237,-1.6963081756710483,-1.744611242420473,-1.041772385355897,36.74560785293579,-0.8577557428979293,9.190455957014128,-0.970724537826632,0.04697052417790204,0.0772554792288315,0.09217699706059845,1_1,94,29,29,train
-1.1735775778095314,-0.9321080758642479,-1.566214616320896,-1.6544256850486412,-0.9926952983216535,41.117918491363525,-0.6945534302310987,10.185485887439322,-0.9689879246620157,0.052616294439556933,0.09517632425470555,0.0970415686982604,1_1,105,18,18,train
-1.1726988575534583,-0.8807244623096951,-1.5578041903037103,-1.6291492814988353,-0.9420076151452083,38.06183338165283,-0.7104928801175205,11.131158608431665,-0.9854438179223413,0.05506667188139174,0.0960321265316624,0.09783131931738447,1_1,109,14,14,train
-1.0828146518052557,-0.8557785232864747,-1.4091345635077583,-1.4511651518333906,-0.7011666954034391,43.74072551727295,-0.5245525197315948,10.908869270693714,-0.9053508762327376,0.0628976813241906,0.12124606517596585,0.11548891999109526,1_1,116,7,7,train
-1.099579732637534,-0.8340371531156389,-1.426060558694905,-1.4400154551416666,-0.672654121326078,40.32822847366333,-0.5023650742118833,15.661138067240975,-0.9449853302992357,0.07015135065584419,0.1271794700729116,0.1198585064329868,1_1,117,6,6,train
-2.0620189531085855,-2.0540944558758616,-2.2773175638875682,-2.0198114675507415,-1.5743023470913906,9.537434577941895,-1.7977800639949049,4.023683721478816,-1.7775845965705486,0.003739610999300258,0.0080142478533284,0.005459001035846655,1_2,42,119,60,train
-1.9773970651633093,-1.9564796657275672,-2.2468653050668213,-2.0208829836340225,-1.587517654340881,9.748399257659912,-1.7999126887489172,4.705213659939371,-1.7752754391864838,0.004062266888121826,0.010936722095528028,0.007642966763574249,1_2,43,118,60,train
-1.7054658646098149,-1.5480754659140932,-2.1943659500734993,-1.9893076023960217,-1.5934360304647566,12.276923656463623,-1.7662455758036564,7.316430635902693,-1.6203995018692745,0.009351144277723192,0.019031139944239807,0.0043451834897954905,1_2,46,115,60,train
-1.6831165724330814,-1.693093215787691,-2.1739239027858805,-1.9678975765521705,-1.5700046004296826,13.739800453186035,-1.7758852153208255,6.199849207570693,-1.6694685277043892,0.010320225146352693,0.01605574495130025,0.007123217386833944,1_2,50,111,60,train
-1.5570015103842132,-1.4568052560800417,-2.101472651516998,-1.9127951830729983,-1.5663857882301206,16.31331443786621,-1.736461243883044,7.536439705505059,-1.5803006109639792,0.015665306436785566,0.025698477916034634,0.009028756968714986,1_2,54,107,60,train
-1.3824633106270015,-1.2809379774005167,-1.9459648006908528,-1.7097126844482806,-1.3440371270444824,19.10700798034668,-1.579872273152828,8.887371192289551,-1.4814080596000965,0.013310455957348978,0.027773536928975117,0.006001557617744846,1_2,62,99,60,train
-1.2364227213494625,-1.2598417086779463,-1.5638479906156466,-1.540574354877217,-1.2067138603036833,19.430410861968994,-1.2124415565537345,10.91457362125502,-1.3843991652728382,0.01846451404146679,0.07652716315203154,0.029794967046032073,1_2,63,98,60,train
-1.0802034013380721,-1.2958379124747808,-1.4724396969830558,-1.1365833748872558,-0.8107478839306361,25.784707069396973,-0.9834745323576517,15.78025033181853,-1.2323827693930587,0.06443882522887201,0.16832954169126185,0.07779751876453875,1_2,64,97,60,train
-1.2189812092307175,-1.2937817447826658,-1.6089463971515667,-1.3733983272588859,-1.1918392683621275,34.01815891265869,-1.2117013222462245,16.904061603386324,-1.32284617967985,0.021381260412497657,0.05047428913737286,0.03192953582787887,1_2,72,89,60,train
-1.1170198887881244,-1.1021624267334487,-1.685975645303202,-1.4300698038268205,-1.2368868832364381,31.009089946746826,-1.2568532888731132,16.462704605863884,-1.2890339759417313,0.015960146176372623,0.040712558851423754,0.03128343599797127,1_2,73,88,60,train
-1.0682608740425261,-1.0900186671219463,-1.6828045747930034,-1.4792160168137165,-1.2146856465637397,40.486061573028564,-1.3281775306358723,15.668363040134432,-1.2750840168130944,0.008093422493368231,0.046527723958959336,0.021670202409145925,1_2,75,86,60,train
-0.9547686755264603,-0.9560147025794314,-1.497137023028911,-1.3981943458691903,-1.1290164249066277,29.856371879577637,-1.2422711255317547,13.332686330638332,-1.2569817772759426,0.02070726215948407,0.05166075599354945,0.04430016392712477,1_2,81,80,60,train
-1.0669696325832152,-1.1966374094518522,-1.5127059530799516,-1.4104699688248203,-1.100030078431826,33.22356939315796,-1.1401410017681428,16.301321020992706,-1.2841642827388127,0.02256295080537631,0.05429320884103708,0.04191566650328947,1_2,83,78,60,train
-0.9368053753721447,-0.9615138295026862,-1.5129114330733162,-1.4041098454592955,-1.1886084408254924,39.37351703643799,-1.2497346423293505,13.769449458822525,-1.2120454407986763,0.020708693659157198,0.057565993563263265,0.04015699523977449,1_2,87,74,60,train
-0.9271999257792072,-1.000473823094063,-1.5826856393771156,-1.3462236046272917,-1.1641284937607606,36.44709587097168,-1.2788905042786913,15.144766537238304,-1.218321133955932,0.017472662864781396,0.048377393063510424,0.041934561887331086,1_2,91,70,60,train
-0.8320954100435114,-1.0100497666787742,-1.486813685644568,-1.2160907636364728,-1.0360166456468982,34.88134145736694,-1.2036841396234363,12.32369238774985,-1.1815060906124062,0.025172824879772203,0.05667155998130222,0.030259033330905297,1_2,95,66,60,train
-0.7588148840113025,-0.8778429591197898,-1.4759364349869366,-1.2519690945048432,-1.072459407932907,40.9628987312317,-1.200723704792663,15.15078225042958,-1.0918176519979443,0.032257391012937175,0.07478021125068457,0.03521133591997024,1_2,96,65,60,train
-0.7840606301700697,-0.8149249895606047,-1.4968822730017504,-1.2763749944881773,-1.0100748879330208,41.19753837585449,-1.2086084088756996,21.726993874151564,-1.0992450093636172,0.021226095331074755,0.049182730138464956,0.03594190280195257,1_2,100,61,60,train
-0.8197531836251433,-0.8427954659823726,-1.5264308064290217,-1.2608711936133865,-0.9649782903692268,31.936728954315186,-1.2238702105720298,17.106421165354877,-1.1365459954000174,0.013008557234392393,0.043585245145513256,0.03249723593178714,1_2,101,60,60,train
-0.7814748608044794,-0.7892862960446065,-1.476329924857387,-1.1952761888229106,-0.8394790422903973,30.61116933822632,-1.113740096072879,19.371939409762742,-1.1083755395997432,0.01554689408121664,0.054744453701331484,0.03436398754086135,1_2,103,58,58,train
-0.7717437316837995,-0.7623581771096707,-1.4142487698548207,-1.2032810968224434,-0.8816359559247007,29.313433170318604,-1.0039788923258124,15.877005011502048,-1.0758927456229885,0.019369491940373556,0.0673549772293196,0.03701900201439374,1_2,105,56,56,train
-0.7636259828110491,-0.8039370603565542,-1.3784764736219401,-1.2256187042440596,-0.9024285407266739,35.72046756744385,-0.9831231368566902,17.716796844291743,-1.1257181623834176,0.021056496460690802,0.07037039906586248,0.03899636332026001,1_2,106,55,55,train
-0.745412713716661,-0.6409300678989934,-1.4267749334290185,-1.200010869297385,-0.9680132985480832,32.686007022857666,-1.2438753488025382,24.02245352013697,-1.0412038588677526,0.028458281646093687,0.07463911287285312,0.030618361607475577,1_2,112,49,49,train
-0.654784641745491,-0.6850700000377786,-1.3630650683428278,-1.0497511268378497,-0.8113006728083927,39.806342124938965,-0.8442729467137837,15.044206465260714,-0.9666506983488,0.048141213445009864,0.08932841885374534,0.07477011291662115,1_2,124,37,37,train
-1.7922777732226987,-1.9234093333631228,-2.3911612812951244,-2.0533946268560594,-1.846042067576141,6.425869464874268,-1.8818844124514726,2.570927341161256,-1.6611415882681,0.0014398226969017229,0.005181890834049337,0.0036027815524313825,1_3,63,95,60,train
-1.7960420140687723,-1.9472381123999818,-2.408288183084376,-2.0483453720137086,-1.8345629322662094,5.624353885650635,-1.852799331432998,3.254661153257223,-1.704709760300069,0.0032388980554151846,0.008608482371249702,0.0037855646068252246,1_3,66,92,60,train
-1.7258706282150482,-1.9026102791726722,-2.3514734355702593,-2.0231244289697976,-1.8076140536996896,5.791974067687988,-1.8203880429982766,2.868193378664448,-1.6769067704364196,0.005924074065140175,0.011509548450254833,0.0056018228173949115,1_3,72,86,60,train
-1.7210215497630803,-1.88402018562273,-2.346755701129236,-1.9856305149996234,-1.792858696384621,6.577003002166748,-1.8130510805722098,2.9628511441310588,-1.6356590610498858,0.002001368826363806,0.007949069085876309,0.00231966400251905,1_3,74,84,60,train
-1.7762912025444364,-1.8838542359558406,-2.3330961346141286,-1.9999477320896593,-1.80671789701421,6.164300441741943,-1.7719785822657466,3.2925731287965605,-1.6859200194193904,0.005200220491160651,0.011166517778156608,0.004179761242444453,1_3,75,83,60,train
-1.733303849954697,-1.8739503963108362,-2.3166878111762585,-1.9613407448837823,-1.748965185984512,10.4591965675354,-1.7801766130545542,3.770278233473477,-1.6668639263187002,0.007698830540824865,0.01479735057731959,0.01024799460546606,1_3,82,76,60,train
-1.7009517177138753,-1.8691423039982384,-2.3091652987954907,-1.9421062432428147,-1.7050166975333911,6.8383097648620605,-1.7093038011618156,3.1359589733949473,-1.667801565744372,0.011489314446161237,0.019427117238866084,0.015144061530296373,1_3,85,73,60,train
-1.6960831799612806,-1.8547279782786141,-2.2944576197879916,-1.9348474956168653,-1.7236043787827888,7.321619987487793,-1.6999372641986894,3.2579190468831114,-1.6841150685783617,0.010375074066314272,0.01635540604620833,0.014371310822353557,1_3,86,72,60,train
-1.7028029401537381,-1.887552060587046,-2.2934348978290813,-1.9107468620795904,-1.7139137400248472,6.694400310516357,-1.7248042685417297,3.300150433598181,-1.7022753809440203,0.008509820175308744,0.01470538664618364,0.013070037549952987,1_3,87,71,60,train
-1.5843536434199148,-1.7598116511625541,-2.146853253039581,-1.6949567392215792,-1.567201266293601,12.78228759765625,-1.6253306742473113,3.5389740308154565,-1.6089931708391256,0.00677343559846197,0.016101954622891934,0.010850774988500686,1_3,94,64,60,train
-1.6270977346760351,-1.7481484157191574,-2.129510933186257,-1.6514891231659343,-1.5403409137272281,11.734163761138916,-1.6156802619464177,4.464057810966907,-1.5860839851450956,0.004845010595812067,0.012596646277465954,0.011498615846461108,1_3,100,58,58,train
-1.57025522619991,-1.7576343958748435,-2.1165915684842345,-1.6508043056987725,-1.5539403828130156,9.564900398254395,-1.6011490327105866,4.29776905151838,-1.5525757502913882,0.006244129691662599,0.012883996288348533,0.011586397877497484,1_3,101,57,57,train
-1.5015455575366474,-1.730308980827408,-1.9878238622039008,-1.5164532792706849,-1.4736607069139047,15.006422996520996,-1.5082212683397003,5.680879005482123,-1.5661191020599516,0.014310142103304594,0.02058148644639911,0.01734137465547837,1_3,107,51,51,train
-1.485942272155279,-1.6852771729658638,-1.9818384099448847,-1.534517661536668,-1.4564115294409576,10.285401344299316,-1.5228447208029825,5.360109562508507,-1.5510403640668473,0.014508019025987834,0.02251762443621603,0.015091514567812008,1_3,108,50,50,train
-1.4748537948136509,-1.7204351920092098,-2.032688388280877,-1.5087311922939894,-1.4427220673984,14.471209049224854,-1.5006388304317373,7.0412480368167865,-1.580218678194079,0.011818526913003556,0.01888909954992894,0.015247005740360567,1_3,112,46,46,train
-1.5300970263789784,-1.6813228076104951,-1.9966401057750423,-1.4792459641148334,-1.3785554602224093,14.710772037506104,-1.42788895693201,5.813088677240865,-1.607726379366175,0.010537480514664268,0.015171721106788858,0.019663696040245798,1_3,115,43,43,train
-1.4511311272781788,-1.5825251702238683,-2.0315867377438006,-1.4928932191072921,-1.3678944984038528,17.81820058822632,-1.503808922840991,5.765152773867464,-1.5637665608922533,0.01728200618751471,0.026750867741883576,0.022693996749161022,1_3,117,41,41,train
-1.4180513361152638,-1.5733672721006569,-2.058054711840067,-1.4336986053874927,-1.3442735892868987,16.87479019165039,-1.4774118827177631,6.647331605242184,-1.6068621683123139,0.019220232883258116,0.03153516723377091,0.0238582848788148,1_3,119,39,39,train
-1.4294179896132488,-1.5920952710313625,-2.0305717151895673,-1.4316382770147098,-1.3326423121590818,20.953023433685303,-1.4897837299087922,6.665127879048408,-1.5830704603955001,0.019685978688654283,0.029100674757017678,0.027007573701935163,1_3,120,38,38,train
-1.4095670154670454,-1.5626140868132303,-2.0512263922762,-1.4073639065885373,-1.2937952557539598,14.68358039855957,-1.565174054387792,6.996105556478013,-1.5234077766663738,0.024173015159534704,0.03360535146074942,0.02709171174835584,1_3,121,37,37,train
-1.374070909931736,-1.560023831533637,-2.0867375786908933,-1.384266503671351,-1.3062326886849729,15.764367580413818,-1.5636020048441832,6.981353621505449,-1.5523969315979111,0.02093973096259057,0.02784160036995812,0.02732633101263144,1_3,122,36,36,train
-1.218426746853981,-1.5084642475993901,-1.9621852276378933,-1.391141118035224,-1.255491468549382,19.67291831970215,-1.5157151960440627,6.619086092959951,-1.496755907655302,0.02047575293111386,0.02995960269954426,0.027476709295873186,1_3,127,31,31,train
-1.0774175854996355,-1.2628884957493498,-1.729098986976903,-1.1507190629688284,-1.01805666741449,19.915294647216797,-1.1400499939772344,8.92243707268674,-1.2751553845262567,0.033233566992320954,0.04884138452716016,0.04847813176590173,1_3,133,25,25,train
-1.0363484732955799,-1.213793502956125,-1.6119796150699954,-1.1258813473276754,-0.9478286731684925,18.73478889465332,-1.1324780148944609,10.930801812807855,-1.2461761109575653,0.03246774951307714,0.04998552884918596,0.039105605321548484,1_3,134,24,24,train
-1.0166692172414618,-1.2067529612692185,-1.6260668404234573,-1.0932621702371907,-0.9510196806598519,19.364237785339355,-1.131386385427241,11.194771354118563,-1.229876338670285,0.033757710137313865,0.053043779582639665,0.04178900339804316,1_3,135,23,23,train
-0.9904898742640287,-1.2265748497723847,-1.5711757867545488,-1.0686717925509628,-0.9871937708693952,21.20833396911621,-1.1376928798066752,10.448755915946732,-1.22428543973615,0.028675756743192175,0.04327373174788734,0.0356404870595158,1_3,136,22,22,train
-1.0448005554764497,-1.1309997434306616,-1.5697381770619678,-1.0032743542533675,-0.9534228637917203,27.769696712493896,-1.0894160250560543,12.278295028332057,-1.2270674717113932,0.024900996561166542,0.043545086380156466,0.030388156654045182,1_3,140,18,18,train
-1.0600309598361353,-1.1468044838075706,-1.5187905275841034,-0.9984462163186026,-0.9779245651131674,25.26949644088745,-1.0630663954005182,11.937459889635814,-1.2106393306839258,0.023887188666429013,0.03721303308970521,0.03347386328937732,1_3,141,17,17,train
-0.9644003184449589,-1.095726649934388,-1.440263131148971,-0.8662001517603739,-0.8344064883546547,30.02396821975708,-0.9368546414581096,12.30305235476722,-1.1329259841779036,0.040485901714679015,0.07014491486499522,0.05364863085531942,1_3,146,12,12,train
-0.8740005963493994,-1.0673157347096143,-1.5096480096361298,-0.8680119594256719,-0.7738897001064815,27.707207202911377,-0.9699470341574354,12.087014701545446,-1.1697811909560485,0.05140067488729109,0.07785578511769906,0.06941208865437508,1_3,147,11,11,train
-0.8611806529591248,-1.082943091580666,-1.4727648180070263,-0.8524868550454829,-0.7470944980847928,25.25773048400879,-0.8710391571058863,16.209291247322685,-1.193999448217263,0.05817843485593288,0.0869340451713396,0.07919236482999795,1_3,148,10,10,train
-0.509953005383715,-0.5024877368489725,-1.1722167629270297,-0.21482962252741336,-0.08981515987269406,43.15899610519409,-0.594936477212356,28.489225266005935,-0.7969087350635753,0.06388849984881659,0.11552789396604574,0.11958288722598455,1_3,154,4,4,train
-0.46668939512095564,-0.5348638933422545,-1.1131925627980104,-0.17750368121279597,-0.10966791219000899,41.324162483215325,-0.6821137443405566,24.718737143004855,-0.8008072923301751,0.04447402162169776,0.08066963939602614,0.043025711649618194,1_3,155,3,3,train
